company_id,vendor_id,category_id,tax_id,name,slug,sku,barcode,short_description,description,cost_price,price,compare_price,has_variants,track_stock,weight,is_active,is_featured,meta_title,meta_desc,tax_rate
1,,,1,ACRILICO POLIMERO AUTOCURABLE SUBITON x 1Kg,acrilico-polimero-autocurable-subiton-x-1kg,7,,,,41646.09,62500,,0,1,,1,0,,,21.0
1,,,1,ACRILICO LIQUIDO AUTOCURABLE SUBITON x 1Lt,acrilico-liquido-autocurable-subiton-x-1lt,8,,,,27674.0,41500,,0,1,,1,0,,,21.0
1,,,1,ACRILICO PARA COLADO APC OKI x 800Gs,acrilico-para-colado-apc-oki-x-800gs,9,,,,75756.0,113600,,0,1,,1,0,,,21.0
1,,,1,ACRILICO PARA CUBETAS OKI CRIL AUTOPOLIMERIZABLE CELESTE x 1Kg,acrilico-para-cubetas-oki-cril-autopolimerizable-celeste-x-1kg,10,,,,46640.0,70000,,0,1,,1,0,,,21.0
1,,,1,ACRILICO PARA ORTODONCIA OKI AUTOPOLIMERIZABLE CRISTAL x 1Kg ,acrilico-para-ortodoncia-oki-autopolimerizable-cristal-x-1kg,11,,,,86000.0,129000,,0,1,,1,0,,,21.0
1,,,1,ACRILICO PARA ORTODONCIA OKI AUTOPOLIMERIZABLE BLANCO/NEGRO x 400Gs ,acrilico-para-ortodoncia-oki-autopolimerizable-blanconegro-x-400gs,12,,,,42360.0,63500,,0,1,,1,0,,,21.0
1,,,1,ACRILICO ROSADO PARA PLACA BASE INDENTAL x 1 Kg,acrilico-rosado-para-placa-base-indental-x-1-kg,13,,,,45000.0,67500,,0,1,,1,0,,,21.0
1,,,1,ACRILICO PARA INYECCION API x 1Kg CLARO,acrilico-para-inyeccion-api-x-1kg-claro,14,,,,155800.0,233700,,0,1,,1,0,,,21.0
1,,,1,ACRILICO PARA INYECCION API x 1Kg CRISTAL,acrilico-para-inyeccion-api-x-1kg-cristal,15,,,,155800.0,233700,,0,1,,1,0,,,21.0
1,,,1,ACRILICO PARA INYECCION API x 1Kg MEDIO,acrilico-para-inyeccion-api-x-1kg-medio,16,,,,155800.0,233700,,0,1,,1,0,,,21.0
1,,,1,ACRILICO PARA INYECCION API x 1Kg OSCURO,acrilico-para-inyeccion-api-x-1kg-oscuro,17,,,,155800.0,233700,,0,1,,1,0,,,21.0
1,,,1,ACRILICO PARA INYECCION API x 1Kg ROSADO,acrilico-para-inyeccion-api-x-1kg-rosado,18,,,,155800.0,233700,,0,1,,1,0,,,21.0
1,,,1,ACRILICO PARA INYECCION API x 1/2Kg CRISTAL,acrilico-para-inyeccion-api-x-12kg-cristal,19,,,,96030.0,144000,,0,1,,1,0,,,21.0
1,,,1,ACRILICO TERMOCURABLE EGEO ROSA x 1Kg,acrilico-termocurable-egeo-rosa-x-1kg,20,,,,36000.0,54000,,0,1,,1,0,,,21.0
1,,,1,ACRILICO POLIMERO TERMOCURABLE PROTHOPLAST x 1Kg,acrilico-polimero-termocurable-prothoplast-x-1kg,21,,,,36608.51,54900,,0,1,,1,0,,,21.0
1,,,1,"ALAMBRE 0,9mm MORELLI x 50Gs",alambre-09mm-morelli-x-50gs,22,,,,13000.0,19500,,0,1,,1,0,,,21.0
1,,,1,ALAMBRE PARA APOYOS ACLUSALES O RETENEDORES MEDIA CAÑA 10CM X 5Unid,alambre-para-apoyos-aclusales-o-retenedores-media-cana-10cm-x-5unid,23,,,,13000.0,19500,,0,1,,1,0,,,21.0
1,,,1,ALGINATO HIGH PRECISION ALGINMAX MAJOR x 453Gs VAINILLA,alginato-high-precision-alginmax-major-x-453gs-vainilla,24,,,,10000.0,15000,,0,1,,1,0,,,21.0
1,,,1,ALGINATO EXTRA HIGH PRECISION ALGINPLUS MAJOR x 453Gs FRUTOS TROPICALES,alginato-extra-high-precision-alginplus-major-x-453gs-frutos-tropicales,25,,,,9900.0,14800,,0,1,,1,0,,,21.0
1,,,1,BARBIJO DESCARTABLE VERDE Caja x 50Un,barbijo-descartable-verde-caja-x-50un,26,,,,5200.0,8300,,0,1,,1,0,,,21.0
1,,,1,BARBIJO DESCARTABLE NEGRO Caja x 50Un,barbijo-descartable-negro-caja-x-50un,27,,,,5200.0,8300,,0,1,,1,0,,,21.0
1,,,1,BARBIJO DESCARTABLE  BLANCO Caja x 50Un,barbijo-descartable-blanco-caja-x-50un,28,,,,5200.0,8300,,0,1,,1,0,,,21.0
1,,,1,BARBIJO DESCARTABLE CELESTE Caja x 50Un,barbijo-descartable-celeste-caja-x-50un,29,,,,5200.0,8300,,0,1,,1,0,,,21.0
1,,,1,BARBIJO DESCARTABLE ROSADO Caja x 50Un,barbijo-descartable-rosado-caja-x-50un,30,,,,5200.0,8300,,0,1,,1,0,,,21.0
1,,,1,BASE PORTA PINCEL INDENTAL ,base-porta-pincel-indental,32,,,,44000.0,70400,,0,1,,1,0,,,21.0
1,,,1,BISTURI HOJAS DESCARTABLES x Unidad,bisturi-hojas-descartables-x-unidad,33,,,,156.94559999999998,250,,0,1,,1,0,,,21.0
1,,,1,BISTURI HOJAS DESCARTABLES Caja x 50Un,bisturi-hojas-descartables-caja-x-50un,34,,,,13078.8,18300,,0,1,,1,0,,,21.0
1,,,1,CARTUCHO POLIAMIDA PARA INYECCION DEFLEX CLASSIC 22mm x 120mm ROSA MEDIO,cartucho-poliamida-para-inyeccion-deflex-classic-22mm-x-120mm-rosa-medio,382,,,,6600.0,9900,,0,1,,1,0,,,21.0
1,,,1,CARTUCHO POLIAMIDA PARA INYECCION DEFLEX CLASSIC 22mm x 85mm ROSA MEDIO,cartucho-poliamida-para-inyeccion-deflex-classic-22mm-x-85mm-rosa-medio,383,,,,5950.0,8900,,0,1,,1,0,,,21.0
1,,,1,CARTUCHO POLIAMIDA PARA INYECCION DEFLEX CLASSIC 22mm x 55mm ROSA MEDIO,cartucho-poliamida-para-inyeccion-deflex-classic-22mm-x-55mm-rosa-medio,384,,,,5000.0,7500,,0,1,,1,0,,,21.0
1,,,1,CARTUCHO POLIAMIDA PARA INYECCION DEFLEX CLASSIC 25mm x 90mm ROSA MEDIO,cartucho-poliamida-para-inyeccion-deflex-classic-25mm-x-90mm-rosa-medio,385,,,,6600.0,9900,,0,1,,1,0,,,21.0
1,,,1,CARTUCHO POLIAMIDA PARA INYECCION DEFLEX CLASSIC 25mm x 70mm ROSA MEDIO,cartucho-poliamida-para-inyeccion-deflex-classic-25mm-x-70mm-rosa-medio,386,,,,5950.0,8900,,0,1,,1,0,,,21.0
1,,,1,CARTUCHO POLIAMIDA PARA INYECCION DEFLEX CLASSIC 25mm x 50mm ROSA MEDIO,cartucho-poliamida-para-inyeccion-deflex-classic-25mm-x-50mm-rosa-medio,387,,,,5000.0,7500,,0,1,,1,0,,,21.0
1,,,1,CARTUCHO POLIAMIDA PARA INYECCION DEFLEX FLUENCE 22mm x 120mm ROSA MEDIO,cartucho-poliamida-para-inyeccion-deflex-fluence-22mm-x-120mm-rosa-medio,388,,,,6600.0,9900,,0,1,,1,0,,,21.0
1,,,1,CARTUCHO POLIAMIDA PARA INYECCION DEFLEX FLUENCE 22mm x 85mm ROSA MEDIO,cartucho-poliamida-para-inyeccion-deflex-fluence-22mm-x-85mm-rosa-medio,389,,,,5950.0,8900,,0,1,,1,0,,,21.0
1,,,1,CARTUCHO POLIAMIDA PARA INYECCION DEFLEX FLUENCE 22mm x 55mm ROSA MEDIO,cartucho-poliamida-para-inyeccion-deflex-fluence-22mm-x-55mm-rosa-medio,390,,,,5000.0,7500,,0,1,,1,0,,,21.0
1,,,1,CARTUCHO POLIAMIDA PARA INYECCION DEFLEX FLUENCE 25mm x 90mm ROSA MEDIO,cartucho-poliamida-para-inyeccion-deflex-fluence-25mm-x-90mm-rosa-medio,391,,,,6600.0,9900,,0,1,,1,0,,,21.0
1,,,1,CARTUCHO POLIAMIDA DEFLEX FLUENCE 25mm x 70mm ROSA MEDIO,cartucho-poliamida-deflex-fluence-25mm-x-70mm-rosa-medio,392,,,,5950.0,8900,,0,1,,1,0,,,21.0
1,,,1,CARTUCHO POLIAMIDA PARA INYECCION DEFLEX FLUENCE 25mm x 50mm ROSA MEDIO,cartucho-poliamida-para-inyeccion-deflex-fluence-25mm-x-50mm-rosa-medio,393,,,,5000.0,7500,,0,1,,1,0,,,21.0
1,,,1,CARTUCHO PARA INYECCION INDENTAL INDENT FLEX 22mm x 120mm ,cartucho-para-inyeccion-indental-indent-flex-22mm-x-120mm,394,,,,4500.0,6700,,0,1,,1,0,,,21.0
1,,,1,CARTUCHO ACRILICO PARA INYECCION API 22mm CLARO,cartucho-acrilico-para-inyeccion-api-22mm-claro,395,,,,7420.0,11100,,0,1,,1,0,,,21.0
1,,,1,CARTUCHO ACRILICO PARA INYECCION API 22mm CRISTAL,cartucho-acrilico-para-inyeccion-api-22mm-cristal,396,,,,7420.0,11100,,0,1,,1,0,,,21.0
1,,,1,CARTUCHO ACRILICO PARA INYECCION API 22mm MEDIO,cartucho-acrilico-para-inyeccion-api-22mm-medio,397,,,,7420.0,11100,,0,1,,1,0,,,21.0
1,,,1,CARTUCHO ACRILICO PARA INYECCION API 22mm OSCURO,cartucho-acrilico-para-inyeccion-api-22mm-oscuro,398,,,,7420.0,11100,,0,1,,1,0,,,21.0
1,,,1,CARTUCHO ACRILICO PARA INYECCION API 22mm ROSADO,cartucho-acrilico-para-inyeccion-api-22mm-rosado,399,,,,7420.0,11100,,0,1,,1,0,,,21.0
1,,,1,CARTUCHO ACRILICO PARA INYECCION API 25mm CLARO,cartucho-acrilico-para-inyeccion-api-25mm-claro,400,,,,7420.0,11100,,0,1,,1,0,,,21.0
1,,,1,CARTUCHO ACRILICO PARA INYECCION API 25mm CRISTAL,cartucho-acrilico-para-inyeccion-api-25mm-cristal,401,,,,7420.0,11100,,0,1,,1,0,,,21.0
1,,,1,CARTUCHO ACRILICO PARA INYECCION API 25mm MEDIO,cartucho-acrilico-para-inyeccion-api-25mm-medio,402,,,,7420.0,11100,,0,1,,1,0,,,21.0
1,,,1,CARTUCHO ACRILICO PARA INYECCION API 25mm OSCURO,cartucho-acrilico-para-inyeccion-api-25mm-oscuro,403,,,,7420.0,11100,,0,1,,1,0,,,21.0
1,,,1,CARTUCHO ACRILICO PARA INYECCION API 25mm ROSADO,cartucho-acrilico-para-inyeccion-api-25mm-rosado,404,,,,7420.0,11100,,0,1,,1,0,,,21.0
1,,,1,CARTUCHOS VACIOS PARA INYECCION INDENTAL 22mm x 120mm CON TAPA ,cartuchos-vacios-para-inyeccion-indental-22mm-x-120mm-con-tapa,405,,,,800.0,1300,,0,1,,1,0,,,21.0
1,,,1,CARTUCHOS VACIOS PARA INYECCION INDENTAL 25mm x 100mm CON TAPA ,cartuchos-vacios-para-inyeccion-indental-25mm-x-100mm-con-tapa,406,,,,800.0,1300,,0,1,,1,0,,,21.0
1,,,1,CEPILLO 2 HILERAS ROMAN PARA PULIDORA x UNIDAD,cepillo-2-hileras-roman-para-pulidora-x-unidad,407,,,,4000.0,6000,,0,1,,1,0,,,21.0
1,,,1,CERA CERVICAL OKI x 50gr,cera-cervical-oki-x-50gr,408,,,,37000.0,59200,,0,1,,1,0,,,21.0
1,,,1,CERA CROMO INDENTAL x 1/2Kg,cera-cromo-indental-x-12kg,409,,,,37000.0,59200,,0,1,,1,0,,,21.0
1,,,1,CERA ROSA EN LAMINAS INDENTAL CAJA x 1Kg,cera-rosa-en-laminas-indental-caja-x-1kg,410,,,,36100.0,57800,,0,1,,1,0,,,21.0
1,,,1,CERA ROSA EN LAMINAS INDENTAL x UNIDAD,cera-rosa-en-laminas-indental-x-unidad,411,,,,700.0,1100,,0,1,,1,0,,,21.0
1,,,1,CERA PARA INMERSION OKI x 30Gs,cera-para-inmersion-oki-x-30gs,412,,,,29700.0,47500,,0,1,,1,0,,,21.0
1,,,1,CERA PREFORMADA INDENTAL PLACA CERICA INF. O SUP. x UNIDAD,cera-preformada-indental-placa-cerica-inf-o-sup-x-unidad,413,,,,560.0,900,,0,1,,1,0,,,21.0
1,,,1,CERA REGULAR PARA FIJA OKI VARIOS COLORES x 50Gs ,cera-regular-para-fija-oki-varios-colores-x-50gs,414,,,,33000.0,52800,,0,1,,1,0,,,21.0
1,,,1,CIZALLA PARA CORTE YESO,cizalla-para-corte-yeso,415,,,,27500.0,38500,,0,1,,1,0,,,21.0
1,,,1,COMPRESA PAQUETE x 50 UNIDADES,compresa-paquete-x-50-unidades,416,,,,6000.0,8400,,0,1,,1,0,,,21.0
1,,,1,"CREMA SUPER BRILLO INDENTAL x 20Gs (POLIAMIDA, FLEXIBLE, ACRILICO, METAL)",crema-super-brillo-indental-x-20gs-poliamida-flexible-acrilico-metal,417,,,,19000.0,30400,,0,1,,1,0,,,21.0
1,,,1,DESMOLDANTE PARA INYECCION INDENTAL EN AEROSOL,desmoldante-para-inyeccion-indental-en-aerosol,418,,,,10100.0,1620,,0,1,,1,0,,,21.0
1,,,1,DESMOLDANTE SILICONADO PARA INYECCION DEFLEX EN AEROSOL x 290Gs,desmoldante-siliconado-para-inyeccion-deflex-en-aerosol-x-290gs,419,,,,5800.0,8700,,0,1,,1,0,,,21.0
1,,,1,"DISCO DE FIBRA SILICIO FLEXIBLE 22mm x 0,2mm",disco-de-fibra-silicio-flexible-22mm-x-02mm,420,,,,1900.0,3000,,0,1,,1,0,,,21.0
1,,,1,DOSIFICADOR AGUA-ALGINATO,dosificador-agua-alginato,421,,,,2200.0,3000,,0,1,,1,0,,,21.0
1,,,1,ESTUCHE BUCAL PLASTICO VARIOS COLORES,estuche-bucal-plastico-varios-colores,422,,,,1000.0,1600,,0,1,,1,0,,,21.0
1,,,1,FLAMEADOR ROMAN,flameador-roman,423,,,,4400.0,6500,,0,1,,1,0,,,21.0
1,,,1,FRESON CARBURO ,freson-carburo,424,,,,15500.0,24800,,0,1,,1,0,,,21.0
1,,,1,GELATINA PARA COLADO API SOBRE PARA 1Kg,gelatina-para-colado-api-sobre-para-1kg,425,,,,26800.0,42900,,0,1,,1,0,,,21.0
1,,,1,GLACE PARA PORCELANA INDENTAL MONO PASTA x 10gr ,glace-para-porcelana-indental-mono-pasta-x-10gr,426,,,,67000.0,107200,,0,1,,1,0,,,21.0
1,,,1,GUANTES LATEX DESCARTABLES CAJA x 100 Ud ,guantes-latex-descartables-caja-x-100-ud,427,,,,6200.0,8700,,0,1,,1,0,,,21.0
1,,,1,GUANTES NITRILO DESCARTABLES CAJA x 100 Ud ,guantes-nitrilo-descartables-caja-x-100-ud,428,,,,6200.0,8700,,0,1,,1,0,,,21.0
1,,,1,HORNO DE DESENCERADO COMPUTARIZADO TECNODENT H-21 E FURNACE USADO,horno-de-desencerado-computarizado-tecnodent-h-21-e-furnace-usado,430,,,,900000.0,1440000,,0,1,,1,0,,,21.0
1,,,1,INDENT-FLEX MATERIAL DE INYECCION INDENTAL x 1Kg,indent-flex-material-de-inyeccion-indental-x-1kg,431,,,,70900.0,99300,,0,1,,1,0,,,21.0
1,,,1,INDENT-FLEX MATERIAL DE INYECCION INDENTAL x 1/2Kg,indent-flex-material-de-inyeccion-indental-x-12kg,432,,,,40700.0,57000,,0,1,,1,0,,,21.0
1,,,1,INYECTORA COMPUTARIZADA INDENTAL PARA FLEXIBLE DE AIRE,inyectora-computarizada-indental-para-flexible-de-aire,433,,,,1225000.0,1960000,,0,1,,1,0,,,21.0
1,,,1,KIT SISTEMA COLADO APC ,kit-sistema-colado-apc,434,,,,415000.0,581000,,0,1,,1,0,,,21.0
1,,,1,KIT REPARACION PARA API,kit-reparacion-para-api,435,,,,32000.0,44800,,0,1,,1,0,,,21.0
1,,,1,KIT ZOCALOS ROSA,kit-zocalos-rosa,436,,,,10990.0,15400,,0,1,,1,0,,,21.0
1,,,1,LACA OPACADORA PARA ACRILICO INDENTAL COLOR ROSA,laca-opacadora-para-acrilico-indental-color-rosa,437,,,,23900.0,33500,,0,1,,1,0,,,21.0
1,,,1,LACA OPACADORA PARA ACRILICO INDENTAL COLOR DIENTE,laca-opacadora-para-acrilico-indental-color-diente,438,,,,23900.0,33500,,0,1,,1,0,,,21.0
1,,,1,LACA DE ESCAYOLA INDENTAL,laca-de-escayola-indental,439,,,,14000.0,19600,,0,1,,1,0,,,21.0
1,,,1,LIQUIDO CHEQUEADOR DE SUPERFICIES INDENTAL,liquido-chequeador-de-superficies-indental,440,,,,7000.0,9800,,0,1,,1,0,,,21.0
1,,,1,LIQUIDO GLACE PARA PORCELANA OKI,liquido-glace-para-porcelana-oki,441,,,,25000.0,35000,,0,1,,1,0,,,21.0
1,,,1,LIQUIDO MODELADOR PARA PORCELANA OKI x 100cc,liquido-modelador-para-porcelana-oki-x-100cc,442,,,,30000.0,42000,,0,1,,1,0,,,21.0
1,,,1,MANDRIL PARA DISCO ,mandril-para-disco,443,,,,860.0,1400,,0,1,,1,0,,,21.0
1,,,1,MANDRIL PARA LIJA,mandril-para-lija,444,,,,860.0,1400,,0,1,,1,0,,,21.0
1,,,1,MATRIZ DE PONTICOS Y TRAMOS PARA PORCELANA,matriz-de-ponticos-y-tramos-para-porcelana,445,,,,45000.0,500,,0,1,,1,0,,,21.0
1,,,1,MATRIZ DE SILICONA PARA CARILLAS PARA SOBRE DENTADURA,matriz-de-silicona-para-carillas-para-sobre-dentadura,446,,,,45000.0,58500,,0,1,,1,0,,,21.0
1,,,1,MATRIZ DE SILICONA PARA CARAS OCLUSALES,matriz-de-silicona-para-caras-oclusales,447,,,,45000.0,58500,,0,1,,1,0,,,21.0
1,,,1,MATRIZ DE SILICONA PARA RODETES,matriz-de-silicona-para-rodetes,448,,,,45000.0,58500,,0,1,,1,0,,,21.0
1,,,1,MECHERO PARA LABORATORIO CON RECIPIENTE CON VALVULA,mechero-para-laboratorio-con-recipiente-con-valvula,449,,,,134000.0,174200,,0,1,,1,0,,,21.0
1,,,1,MICROBRUSH,microbrush,450,,,,3270.0,5200,,0,1,,1,0,,,21.0
1,,,1,MICROMOTOR ELECTRICO RENHE 119,micromotor-electrico-renhe-119,451,,,,189000.0,264600,,0,1,,1,0,,,21.0
1,,,1,MINIACUTRAC,miniacutrac,452,,,,9000.0,12600,,0,1,,1,0,,,21.0
1,,,1,MODIFICADOR DE COLORES PARA ACRILICO KIT DE 4 COLORES + BETAS,modificador-de-colores-para-acrilico-kit-de-4-colores-betas,453,,,,35000.0,49000,,0,1,,1,0,,,21.0
1,,,1,MONOMERO PARA COLADO OKI x 1Lt,monomero-para-colado-oki-x-1lt,454,,,,42140.0,59000,,0,1,,1,0,,,21.0
1,,,1,MONOMERO SEMIFLEX API x 1Lt,monomero-semiflex-api-x-1lt,455,,,,60110.0,84100,,0,1,,1,0,,,21.0
1,,,1,MONOMERO TERMOCURADO x 1Lt,monomero-termocurado-x-1lt,456,,,,23000.0,36800,,0,1,,1,0,,,21.0
1,,,1,MONOMERO AUTO x 1Lt NEW POLL,monomero-auto-x-1lt-new-poll,457,,,,51775.0,72500,,0,1,,1,0,,,21.0
1,,,1,MONOMERO AUTO x 1Lt VERACRIL,monomero-auto-x-1lt-veracril,458,,,,38935.0,54500,,0,1,,1,0,,,21.0
1,,,1,MONOMERO AUTO x 1Lt VAICEL,monomero-auto-x-1lt-vaicel,459,,,,36923.0,51700,,0,1,,1,0,,,21.0
1,,,1,MONOMERO AUTO x 1Lt SUBITON,monomero-auto-x-1lt-subiton,460,,,,36868.0,51700,,0,1,,1,0,,,21.0
1,,,1,MONOMERO TERMO x 1Lt NEW POLL,monomero-termo-x-1lt-new-poll,461,,,,49478.0,69300,,0,1,,1,0,,,21.0
1,,,1,MONOMERO TERMO x 1Lt VERACRIL,monomero-termo-x-1lt-veracril,462,,,,37755.0,52900,,0,1,,1,0,,,21.0
1,,,1,MONOMERO TERMO x 1Lt TERMODEN,monomero-termo-x-1lt-termoden,463,,,,33725.0,47200,,0,1,,1,0,,,21.0
1,,,1,MONOMERO TERMO x 1Lt VAICRON,monomero-termo-x-1lt-vaicron,464,,,,29082.0,40700,,0,1,,1,0,,,21.0
1,,,1,MONOMERO TERMO x 1Lt PROTHOPLAST,monomero-termo-x-1lt-prothoplast,465,,,,27839.0,39000,,0,1,,1,0,,,21.0
1,,,1,MUFLA PARA SISTEMA APC INDENTAL,mufla-para-sistema-apc-indental,466,,,,78000.0,109200,,0,1,,1,0,,,21.0
1,,,1,MUFLA METALICA PARA INYECTORA DEFLEX ,mufla-metalica-para-inyectora-deflex,467,,,,20000.0,28000,,0,1,,1,0,,,21.0
1,,,1,OCLUSORES PLASTICOS PARA FIJA,oclusores-plasticos-para-fija,468,,,,360.0,500,,0,1,,1,0,,,21.0
1,,,1,OCLUSORES PARA REMOVIBLE ROMAN,oclusores-para-removible-roman,469,,,,1400.0,2000,,0,1,,1,0,,,21.0
1,,,1,OPACIFICADOR DE METALES BASE ROSA INDENTAL,opacificador-de-metales-base-rosa-indental,470,,,,10000.0,14000,,0,1,,1,0,,,21.0
1,,,1,OPACIFICADOR DE METALES BASE DIENTE INDENTAL,opacificador-de-metales-base-diente-indental,471,,,,10000.0,14000,,0,1,,1,0,,,21.0
1,,,1,"PASTA PARA BRILLO DEFLEX x 200Gs (POLIAMIDA, FLEXIBLE, ACRILICO, METAL)",pasta-para-brillo-deflex-x-200gs-poliamida-flexible-acrilico-metal,472,,,,6500.0,9100,,0,1,,1,0,,,21.0
1,,,1,"PASTA ALTO BRILLO INDENTAL x 20Gs (POLIAMIDA, FLEXIBLE, ACRILICO, METAL)",pasta-alto-brillo-indental-x-20gs-poliamida-flexible-acrilico-metal,473,,,,1000.0,1400,,0,1,,1,0,,,21.0
1,,,1,PASTA PARA SOPORTE DE CORONA JERINGA SUPER FIX BLANCO,pasta-para-soporte-de-corona-jeringa-super-fix-blanco,474,,,,3500.0,4900,,0,1,,1,0,,,21.0
1,,,1,PASTA PARA SOPORTE DE CORONA JERINGA SUPER FIX MARRON,pasta-para-soporte-de-corona-jeringa-super-fix-marron,475,,,,3500.0,4900,,0,1,,1,0,,,21.0
1,,,1,PASTA PARA SOPORTE DE CORONA JERINGA SUPER FIX BEIGE,pasta-para-soporte-de-corona-jeringa-super-fix-beige,476,,,,3500.0,4900,,0,1,,1,0,,,21.0
1,,,1,PIEDRA POMEZ COMUN INDENTAL SUPER ESPECIAL x 1Kg,piedra-pomez-comun-indental-super-especial-x-1kg,477,,,,3850.0,5400,,0,1,,1,0,,,21.0
1,,,1,PINCEL MANGO N°4 ,pincel-mango-n4,478,,,,4000.0,5600,,0,1,,1,0,,,21.0
1,,,1,"PLACAS PARA TERMOFORMADO RIGIDA 0,08 (2mm) EGEO x UNIDAD ",placas-para-termoformado-rigida-008-2mm-egeo-x-unidad,479,,,,1800.0,2900,,0,1,,1,0,,,21.0
1,,,1,"PLACAS PARA TERMOFORMADO RIGIDA 0,08 (2mm) EGEO x PACK x 5Un ",placas-para-termoformado-rigida-008-2mm-egeo-x-pack-x-5un,480,,,,12000.0,19200,,0,1,,1,0,,,21.0
1,,,1,"PLACAS PARA TERMOFORMADO RIGIDA 0,02 (0,5mm) DENT 3D x PACK x 10Un ",placas-para-termoformado-rigida-002-05mm-dent-3d-x-pack-x-10un,481,,,,5000.0,8000,,0,1,,1,0,,,21.0
1,,,1,"PLACAS PARA TERMOFORMADO RIGIDA 0,03 (0,75mm) DENT 3D x PACK x 10Un ",placas-para-termoformado-rigida-003-075mm-dent-3d-x-pack-x-10un,482,,,,5500.0,8800,,0,1,,1,0,,,21.0
1,,,1,"PLACAS PARA TERMOFORMADO RIGIDA 0,04 (1mm) DENT 3D x PACK x 10Un ",placas-para-termoformado-rigida-004-1mm-dent-3d-x-pack-x-10un,483,,,,6000.0,9600,,0,1,,1,0,,,21.0
1,,,1,PORTAGUANTES,portaguantes,484,,,,5000.0,7000,,0,1,,1,0,,,21.0
1,,,1,PORTA INSTRUMENTAL INDENTAL ,porta-instrumental-indental,485,,,,25000.0,35000,,0,1,,1,0,,,21.0
1,,,1,REFUERZO SUPERIOR ENMALLADO DE ACERO INOX x 10 UNIDADES,refuerzo-superior-enmallado-de-acero-inox-x-10-unidades,486,,,,8200.0,11500,,0,1,,1,0,,,21.0
1,,,1,REFUERZO SUPERIOR ENMALLADO DE ACERO INOX x UNIDAD,refuerzo-superior-enmallado-de-acero-inox-x-unidad,487,,,,950.0,1300,,0,1,,1,0,,,21.0
1,,,1,REFUERZO INFERIOR ENMALLADO DE ACERO INOX x 10 UNIDADES,refuerzo-inferior-enmallado-de-acero-inox-x-10-unidades,488,,,,8200.0,11500,,0,1,,1,0,,,21.0
1,,,1,REFUERZO INFERIOR ENMALLADO DE ACERO INOX x UNIDAD,refuerzo-inferior-enmallado-de-acero-inox-x-unidad,489,,,,950.0,1300,,0,1,,1,0,,,21.0
1,,,1,REFUERZO SUPERIOR PERFORADO DE ACERO INOX x 10 UNIDADES,refuerzo-superior-perforado-de-acero-inox-x-10-unidades,490,,,,12000.0,16800,,0,1,,1,0,,,21.0
1,,,1,REFUERZO SUPERIOR PERFORADO DE ACERO INOX x UNIDAD,refuerzo-superior-perforado-de-acero-inox-x-unidad,491,,,,1400.0,2000,,0,1,,1,0,,,21.0
1,,,1,REFUERZO INFERIOR PERFORADO DE ACERO INOX x 10 UNIDADES,refuerzo-inferior-perforado-de-acero-inox-x-10-unidades,492,,,,12000.0,16800,,0,1,,1,0,,,21.0
1,,,1,REFUERZO INFERIOR PERFORADO DE ACERO INOX x UNIDAD,refuerzo-inferior-perforado-de-acero-inox-x-unidad,493,,,,1400.0,2000,,0,1,,1,0,,,21.0
1,,,1,RETENEDORES MULTIRET VARIOS COLORES TIRA DE 5 RETENEDORES CADA UNA,retenedores-multiret-varios-colores-tira-de-5-retenedores-cada-una,494,,,,3500.0,4900,,0,1,,1,0,,,21.0
1,,,1,REVESTIMIENTO GILVEST HS x 160Gs,revestimiento-gilvest-hs-x-160gs,495,,,,2000.0,2800,,0,1,,1,0,,,21.0
1,,,1,REVESTIMIENTO KERA VEST AVIO 2Kg REVEST. + 420cc LIQUIDO ,revestimiento-kera-vest-avio-2kg-revest-420cc-liquido,496,,,,38000.0,53200,,0,1,,1,0,,,21.0
1,,,1,REVESTIMIENTO VENTURA HIGH VEST AVIO 2Kg REVEST. + 480cc LIQUIDO,revestimiento-ventura-high-vest-avio-2kg-revest-480cc-liquido,497,,,,29000.0,40600,,0,1,,1,0,,,21.0
1,,,1,RUEDA DE PAÑO DEFLEX PAREA PULIDO Y BRILLO,rueda-de-pano-deflex-parea-pulido-y-brillo,498,,,,4100.0,5700,,0,1,,1,0,,,21.0
1,,,1,SEPARADOR DE ACRILICO OKI x 1Lt ROSA ,separador-de-acrilico-oki-x-1lt-rosa,499,,,,8000.0,11200,,0,1,,1,0,,,21.0
1,,,1,SEPARADOR DE ACRILICO DEFLEX x 1Lt ROSA ,separador-de-acrilico-deflex-x-1lt-rosa,500,,,,5600.0,7800,,0,1,,1,0,,,21.0
1,,,1,SEPARADOR LIQUIDO OKI LUBE x 20cc,separador-liquido-oki-lube-x-20cc,501,,,,12400.0,16500,,0,1,,1,0,,,21.0
1,,,1,SEPARADOR DE ACRILICO OKI EN SOBRE x 100Gs,separador-de-acrilico-oki-en-sobre-x-100gs,502,,,,7000.0,9800,,0,1,,1,0,,,21.0
1,,,1,YESO DENSITA TIPO V AMARILLO PESCIO x 1Kg,yeso-densita-tipo-v-amarillo-pescio-x-1kg,503,,,,6000.0,9600,,0,1,,1,0,,,21.0
1,,,1,YESO DENDITA TIPO IV ROSA PESCIO x 1Kg,yeso-dendita-tipo-iv-rosa-pescio-x-1kg,504,,,,4500.0,7200,,0,1,,1,0,,,21.0
1,,,1,YESO PIEDRA AZUL PESCIO x 25Kg,yeso-piedra-azul-pescio-x-25kg,505,,,,31900.0,51000,,0,1,,1,0,,,21.0
1,,,1,YESO PIEDRA AZUL PESCIO x 1Kg,yeso-piedra-azul-pescio-x-1kg,506,,,,1400.0,2300,,0,1,,1,0,,,21.0
1,,,1,YESO PIEDRA VERDE PESCIO x 25Kg,yeso-piedra-verde-pescio-x-25kg,507,,,,31900.0,51000,,0,1,,1,0,,,21.0
1,,,1,YESO PIEDRA VERDE PESCIO x 1Kg,yeso-piedra-verde-pescio-x-1kg,508,,,,1400.0,2300,,0,1,,1,0,,,21.0
1,,,1,YESO TALLER BLANCO PESCIO x 25Kg,yeso-taller-blanco-pescio-x-25kg,509,,,,30000.0,48000,,0,1,,1,0,,,21.0
1,,,1,YESO TALLER BLANCO PESCIO x 1Kg,yeso-taller-blanco-pescio-x-1kg,510,,,,1300.0,2200,,0,1,,1,0,,,21.0
1,,,1,YESO TALLER AMARILLO PESCIO x 25Kg,yeso-taller-amarillo-pescio-x-25kg,511,,,,30000.0,48000,,0,1,,1,0,,,21.0
1,,,1,YESO TALLER AMARILLO PESCIO x 1Kg,yeso-taller-amarillo-pescio-x-1kg,512,,,,1300.0,2200,,0,1,,1,0,,,21.0
1,,,1,Z-PRIME BISCO ADHESIVO ZIRCONIO-ALUMINA-METAL x 2Ml,z-prime-bisco-adhesivo-zirconio-alumina-metal-x-2ml,513,,,,0.0,0,,0,1,,1,0,,,21.0
1,,,1,SEPARADOR ACRILICO 100CC,separador-acrilico-100cc,514,,,,750.0,1200,,0,1,,1,0,,,21.0
1,,,1,ALCOHOL ETILICO ,alcohol-etilico,515,,,,4200.0,6700,,0,1,,1,0,,,21.0
1,,,1,"TAZA DE GOMA PARA YESO ""ROMAN""",taza-de-goma-para-yeso-roman,516,,,,1950.0,2700,,0,1,,1,0,,,21.0
1,,,1,ESPATULA PLASTICA,espatula-plastica,517,,,,320.0,500,,0,1,,1,0,,,21.0
1,,,1,ACRILICO SUBITON POLVO X 1000GR,acrilico-subiton-polvo-x-1000gr,518,,,,52000.0,72800,,0,1,,1,0,,,21.0
1,,,1,PROTHOPLAST LOQUIDO X100 ,prothoplast-loquido-x100,519,,,,27840.0,39000,,0,1,,1,0,,,21.0
1,,,1,VASO DAPPEN VIDRIO,vaso-dappen-vidrio,520,,,,855.0,1200,,0,1,,1,0,,,21.0
1,,,1,TALLADOR LECRON  ,tallador-lecron,521,,,,2175.0,3000,,0,1,,1,0,,,21.0
1,,,1,GUANTES LATEX ELIT ,guantes-latex-elit,522,,,,3330.0,4700,,0,1,,1,0,,,21.0
1,,,1,BARBIJOS TRIPACA X50 U.,barbijos-tripaca-x50-u,523,,,,1280.0,2000,,0,1,,1,0,,,21.0
1,,,1,REV HIL VEST,rev-hil-vest,524,,,,2264.0,3200,,0,1,,1,0,,,21.0
1,,,1,MODELOS SUPERIOR E INFERIOR ,modelos-superior-e-inferior,525,,,,780.0,900,,0,1,,1,0,,,21.0
1,,,1,BARBIJO POR UNIDAD ,barbijo-por-unidad,526,,,,125.0,200,,0,1,,1,0,,,21.0
1,,,1,BARBIJOS POR 10 UNIDADES,barbijos-por-10-unidades,527,,,,1000.0,1600,,0,1,,1,0,,,21.0
1,,,1,COMPRESA POR UNIDAD,compresa-por-unidad,528,,,,100.0,160,,0,1,,1,0,,,21.0
1,,,1,COMPRESA POR 10 UNIDADES ,compresa-por-10-unidades,529,,,,950.0,1500,,0,1,,1,0,,,21.0
1,,,1,GUANTES POR UNIDAD ,guantes-por-unidad,530,,,,125.0,200,,0,1,,1,0,,,21.0
1,,,1,GUANTES POR 10 PARES,guantes-por-10-pares,531,,,,1095.0,1700,,0,1,,1,0,,,21.0
1,,,1,TAZA DE GOMA + ESPATULA PLASTICO,taza-de-goma-espatula-plastico,532,,,,2200.0,3500,,0,1,,1,0,,,21.0
1,,,1,COMPRESAS EVODENT X50,compresas-evodent-x50,533,,,,1735.0,2800,,0,1,,1,0,,,21.0
1,,,1,ESPATULA PLASTICA COMUN,espatula-plastica-comun,534,,,,320.0,500,,0,1,,1,0,,,21.0
1,,,1,MODELOS DE YESO ,modelos-de-yeso,536,,,,500.0,900,,0,1,,1,0,,,21.0
1,,,1,BARRITA DE CERA,barrita-de-cera,537,,,,350.0,600,,0,1,,1,0,,,21.0
1,,,1,TAZAS DE GOMA ,tazas-de-goma,538,,,,1500.0,2400,,0,1,,1,0,,,21.0
1,,,1,10 TAZAS DE GOMA ,10-tazas-de-goma,539,,,,18760.0,30000,,0,1,,1,0,,,21.0
1,,,1,10 ESPATULAS PLASTICO ,10-espatulas-plastico,540,,,,2800.0,4500,,0,1,,1,0,,,21.0
1,,,1,10 MODELO DE YESO SUP ,10-modelo-de-yeso-sup,541,,,,5480.0,8800,,0,1,,1,0,,,21.0
1,,,1,100 GRAMOS DE ACRILICO ,100-gramos-de-acrilico,542,,,,3500.0,5600,,0,1,,1,0,,,21.0
1,,,1,CUBETA PLASTICA  AUTOCLAVABLES ,cubeta-plastica-autoclavables,543,,,,873.0,1400,,0,1,,1,0,,,21.0
1,,,1,DOSIFICADOR DE ALGINATO ,dosificador-de-alginato,544,,,,1950.0,3100,,0,1,,1,0,,,21.0
1,,,1,COMPRESA EVODENT ,compresa-evodent,545,,,,1840.0,3000,,0,1,,1,0,,,21.0
1,,,1,CUBETA PLASTICA COLOR AZUL ,cubeta-plastica-color-azul,546,,,,890.0,2000,,0,1,,1,0,,,21.0
1,,,1,CUBETA VERDE ,cubeta-verde,547,,,,1438.0,2300,,0,1,,1,0,,,21.0
1,,,1,ALGINATO DE 410 GRS ,alginato-de-410-grs,548,,,,7000.0,11200,,0,1,,1,0,,,21.0
1,,,1,VASO DAPPEN SILICONA ,vaso-dappen-silicona,549,,,,4602.51,7400,,0,1,,1,0,,,21.0
1,,,1,INSTRUMENTO PKT (PETER K THOMAS),instrumento-pkt-peter-k-thomas,551,,,,11880.0,19000,,0,1,,1,0,,,21.0
1,,,1,MECHERO DE ALCOHOL TIPO BUNSEN METALICO,mechero-de-alcohol-tipo-bunsen-metalico,552,,,,9000.0,13000,,0,1,,1,0,,,21.0
1,,,1,MACROMODELO PARA ANATOMIA DENTARIA ,macromodelo-para-anatomia-dentaria,553,,,,3438.0,5500,,0,1,,1,0,,,21.0
1,,,1,MONOMERO AUTO X 100CC,monomero-auto-x-100cc,554,,,,3120.0,5000,,0,1,,1,0,,,21.0
1,,,1,MODELO DENSITA,modelo-densita,555,,,,1050.0,1700,,0,1,,1,0,,,21.0
1,,,1,ACRILICO PARA CUBETAS OKI CRIL AUTOPOLIMERIZABLE ROSADO x 50GS,acrilico-para-cubetas-oki-cril-autopolimerizable-rosado-x-50gs,556,,,,2500.0,4000,,0,1,,1,0,,,21.0
1,,,1,COFIA DESCARTABLE POR UNIDAD,cofia-descartable-por-unidad,557,,,,50.0,200,,0,1,,1,0,,,21.0
1,,,1,TABLETA DE CERA PARA CROMO,tableta-de-cera-para-cromo,558,,,,625.0,1000,,0,1,,1,0,,,21.0
1,,,1,LIJA N°220 HOJA 115mm x 140mm x UNIDAD,lija-n220-hoja-115mm-x-140mm-x-unidad,559,,,,125.0,200,,0,1,,1,0,,,21.0
1,,,1,LOSETA DE VIDRIO 150mm x 100mm x 6mm ESPESOR,loseta-de-vidrio-150mm-x-100mm-x-6mm-espesor,560,,,,625.0,1000,,0,1,,1,0,,,21.0
1,,,1,ESPATULA PARA CEMENTO DOBLE ,espatula-para-cemento-doble,561,,,,2812.5,4500,,0,1,,1,0,,,21.0
1,,,1,CERA CRISTAL ,cera-cristal,562,,,,220.0,350,,0,1,,1,0,,,21.0
1,,,1,ALGINATO IQ CROMATICO ,alginato-iq-cromatico,564,,,,10105.0,16000,,0,1,,1,0,,,21.0
1,,,1,ALGINATO ALGIGEL ,alginato-algigel,565,,,,6869.0,11000,,0,1,,1,0,,,21.0
1,,,1,INST MANGO BISTURI ,inst-mango-bisturi,566,,,,1145.0,1900,,0,1,,1,0,,,21.0
1,,,1,ACRILICO VETEADO 400 GS ,acrilico-veteado-400-gs,567,,,,17165.0,27500,,0,1,,1,0,,,21.0
1,,,1,LAMINA BLANQUEAMIENTO ,lamina-blanqueamiento,568,,,,14585.0,23400,,0,1,,1,0,,,21.0
1,,,1,"PLACAS EGEO 0,8 ",placas-egeo-08,569,,,,9627.0,15000,,0,1,,1,0,,,21.0
1,,,1,PIEDRA BLANCA ,piedra-blanca,570,,,,333.2,500,,0,1,,1,0,,,21.0
1,,,1,PASTILLA METAL,pastilla-metal,571,,,,3550.0,5700,,0,1,,1,0,,,21.0
1,,,1,MICROMOTOR  ,micromotor,572,,,,209000.0,334400,,0,1,,1,0,,,21.0
1,,,1,ESPATULA DE CERA ,espatula-de-cera,573,,,,2500.0,4000,,0,1,,1,0,,,21.0
1,,,1,GUANTES TALLE MyS ,guantes-talle-mys,574,,,,4500.0,7200,,0,1,,1,0,,,21.0
1,,,1,GUANTES TALLE L,guantes-talle-l,575,,,,3500.0,5600,,0,1,,1,0,,,21.0
1,,,1,ALGINATO KROMALGUIN ,alginato-kromalguin,576,,,,7400.0,11840,,0,1,,1,0,,,21.0
1,,,1,BARBIJO GO BLACK x50u.,barbijo-go-black-x50u,577,,,,2500.0,4000,,0,1,,1,0,,,21.0
1,,,1,POLIAMIDA COMPOSTELA X 1KG,poliamida-compostela-x-1kg,578,,,,0.0,30000,,0,1,,1,0,,,21.0
